,Predictions,Actual,Stock Price,,,,,,ROI,,,,
1732,77.68517637,81.38,76,TRUE,FALSE,FALSE,7.1%,,7.443062273,,0.392649903,TRUE,FALSE
387,74.49914947,77.23,70.9,TRUE,FALSE,FALSE,8.9%,,,,,,
320,139.5082454,138.68,146.22,FALSE,TRUE,FALSE,-5.2%,,1.12050946,,,,
736,85.43010021,87.06,83.95,TRUE,FALSE,FALSE,3.7%,,,,,,
685,108.6393193,109.17,105.66,TRUE,FALSE,FALSE,3.3%,,,,,,
1345,395.4106108,359.07,353.19,TRUE,FALSE,FALSE,1.7%,,,,,,
1807,70.47581144,76.87,70.06,TRUE,FALSE,FALSE,9.7%,,,,,,
594,82.70151019,86.37,78.13,TRUE,FALSE,FALSE,10.5%,,,,,,
813,127.417156,128.92,125.8,TRUE,FALSE,FALSE,2.5%,,,,,,
844,65.10238644,67.07,62.69,TRUE,FALSE,FALSE,7.0%,,,,,,
1418,103.4418901,98.25,100.51,TRUE,FALSE,FALSE,-2.2%,,,,,,
1823,286.0517596,243.36,292.92,FALSE,TRUE,FALSE,-16.9%,,,,,,
994,146.6997691,155.72,144.71,TRUE,FALSE,FALSE,7.6%,,,,,,
1147,142.9128786,140.98,141.13,TRUE,FALSE,FALSE,-0.1%,,,,,,
147,33.67332094,32.49,31.68,TRUE,FALSE,FALSE,2.6%,,,,,,
1069,179.9839655,198.33,186.98,FALSE,TRUE,FALSE,6.1%,,,,,,
478,63.58252285,57.93,62.32,TRUE,FALSE,FALSE,-7.0%,,,,,,
1590,77.09671765,70.66,71.3,TRUE,FALSE,FALSE,-0.9%,,,,,,
1169,172.8477205,182.14,172.71,TRUE,FALSE,FALSE,5.5%,,,,,,
421,368.5427219,406.88,408,FALSE,TRUE,FALSE,-0.3%,,,,,,
1786,39.7413593,36.95,37,TRUE,FALSE,FALSE,-0.1%,,,,,,
828,54.85862945,57.75,51.7,TRUE,FALSE,FALSE,11.7%,,,,,,
1525,172.5110232,169.4,172.92,FALSE,TRUE,FALSE,-2.0%,,,,,,
1701,26.6939339,22.66,24.59,TRUE,FALSE,FALSE,-7.8%,,,,,,
4,159.936681,165.17,164.5,FALSE,TRUE,FALSE,0.4%,,,,,,
969,238.3909262,254.04,236.15,TRUE,FALSE,FALSE,7.6%,,,,,,
1651,315.3132301,334.11,314.35,TRUE,FALSE,FALSE,6.3%,,,,,,
431,26.57580341,24.15,22.81,TRUE,FALSE,FALSE,5.9%,,,,,,
1664,91.94076047,95.96,95.52,FALSE,TRUE,FALSE,0.5%,,,,,,
1630,65.70103209,65.78,63.48,TRUE,FALSE,FALSE,3.6%,,,,,,
796,81.70592545,88.27,80.35,TRUE,FALSE,FALSE,9.9%,,,,,,
1499,20.72965595,19.49,17.82,TRUE,FALSE,FALSE,9.4%,,,,,,
317,73.49791242,82.44,70.9,TRUE,FALSE,FALSE,16.3%,,,,,,
1776,110.0400305,108.82,107.05,TRUE,FALSE,FALSE,1.7%,,,,,,
1548,350.8230354,411.54,368,FALSE,TRUE,FALSE,11.8%,,,,,,
1685,59.39520612,54.31,57.65,TRUE,FALSE,FALSE,-5.8%,,,,,,
181,137.6963408,153.23,136.31,TRUE,FALSE,FALSE,12.4%,,,,,,
21,151.3171013,151.52,153.65,FALSE,TRUE,FALSE,-1.4%,,,,,,
303,132.8217822,144.5,136.56,FALSE,TRUE,FALSE,5.8%,,,,,,
988,85.36760703,87.5,83.51,TRUE,FALSE,FALSE,4.8%,,,,,,
1388,32.74073972,28.75,28.98,TRUE,FALSE,FALSE,-0.8%,,,,,,
1595,179.5874122,182.51,181.46,FALSE,TRUE,FALSE,0.6%,,,,,,
304,107.3544198,111.29,106.95,TRUE,FALSE,FALSE,4.1%,,,,,,
1362,48.40946688,48.44,46.27,TRUE,FALSE,FALSE,4.7%,,,,,,
1775,121.7449363,127.74,122.2,FALSE,TRUE,FALSE,4.5%,,,,,,
712,109.0953483,101.82,113.37,FALSE,TRUE,FALSE,-10.2%,,,,,,
356,155.9529725,173.15,154.68,TRUE,FALSE,FALSE,11.9%,,,,,,
1421,24.0045622,25.33,22.4,TRUE,FALSE,FALSE,13.1%,,,,,,
1580,115.6323193,115.95,117.56,FALSE,TRUE,FALSE,-1.4%,,,,,,
1298,32.03606092,26.02,29.23,TRUE,FALSE,FALSE,-11.0%,,,,,,
104,23.31607608,23.53,19.25,TRUE,FALSE,FALSE,22.2%,,,,,,
1854,25.72979322,25.32,24.33,TRUE,FALSE,FALSE,4.1%,,,,,,
653,92.23293208,99.13,87.48,TRUE,FALSE,FALSE,13.3%,,,,,,
1159,86.62875893,87.53,81.75,TRUE,FALSE,FALSE,7.1%,,,,,,
1185,21.83979244,21.52,18.3,TRUE,FALSE,FALSE,17.6%,,,,,,
1644,30.96817601,29.08,27.56,TRUE,FALSE,FALSE,5.5%,,,,,,
734,89.22357666,86.39,94.83,FALSE,TRUE,FALSE,-8.9%,,,,,,
1513,46.29395324,43.56,43.91,TRUE,FALSE,FALSE,-0.8%,,,,,,
704,129.0132515,118.91,125.93,TRUE,FALSE,FALSE,-5.6%,,,,,,
1882,42.43894164,47.19,40.14,TRUE,FALSE,FALSE,17.6%,,,,,,
1790,243.9994736,279.28,244.41,FALSE,TRUE,FALSE,14.3%,,,,,,
334,126.9353365,137.84,122.52,TRUE,FALSE,FALSE,12.5%,,,,,,
954,28.60352382,26.93,26.04,TRUE,FALSE,FALSE,3.4%,,,,,,
1384,65.93726574,65.65,63.42,TRUE,FALSE,FALSE,3.5%,,,,,,
282,144.9327121,144.2,142.64,TRUE,FALSE,FALSE,1.1%,,,,,,
1312,44.61385266,44.74,42.52,TRUE,FALSE,FALSE,5.2%,,,,,,
785,116.7477224,118.57,115.52,TRUE,FALSE,FALSE,2.6%,,,,,,
1500,72.45253772,73.2,71.1,TRUE,FALSE,FALSE,3.0%,,,,,,
284,65.52827253,67.54,59.7,TRUE,FALSE,FALSE,13.1%,,,,,,
270,130.8685365,132.48,129.11,TRUE,FALSE,FALSE,2.6%,,,,,,
1061,105.9025336,116.19,106.16,FALSE,TRUE,FALSE,9.4%,,,,,,
1062,16.54718123,14.97,14.07,TRUE,FALSE,FALSE,6.4%,,,,,,
995,48.56522961,42.79,44.95,TRUE,FALSE,FALSE,-4.8%,,,,,,
958,19.94218131,16.28,16.74,TRUE,FALSE,FALSE,-2.7%,,,,,,
1627,32.2190396,21.3,29.18,TRUE,FALSE,FALSE,-27.0%,,,,,,
110,72.48873207,72.71,69.33,TRUE,FALSE,FALSE,4.9%,,,,,,
1359,70.7327334,68.06,67.35,TRUE,FALSE,FALSE,1.1%,,,,,,
942,40.29284778,35.95,37.65,TRUE,FALSE,FALSE,-4.5%,,,,,,
819,255.8923228,223.46,255.73,TRUE,FALSE,FALSE,-12.6%,,,,,,
1114,127.486278,116.21,126.45,TRUE,FALSE,FALSE,-8.1%,,,,,,
219,49.19767831,49.57,47.62,TRUE,FALSE,FALSE,4.1%,,,,,,
1263,41.67474118,44.39,41.94,FALSE,TRUE,FALSE,5.8%,,,,,,
738,114.3994528,101.06,115.36,FALSE,TRUE,FALSE,-12.4%,,,,,,
475,132.5294114,56.43,127.47,TRUE,FALSE,FALSE,-55.7%,,,,,,
435,70.16876857,72.36,70.01,TRUE,FALSE,FALSE,3.4%,,,,,,
312,124.08422,126,130.02,FALSE,TRUE,FALSE,-3.1%,,,,,,
799,58.53242901,61.18,56.11,TRUE,FALSE,FALSE,9.0%,,,,,,
161,78.09480774,90.06,78.98,FALSE,TRUE,FALSE,14.0%,,,,,,
459,45.99721646,52.73,49.21,FALSE,TRUE,FALSE,7.2%,,,,,,
890,88.76663283,85.01,84.01,TRUE,FALSE,FALSE,1.2%,,,,,,
1371,114.2697697,113.7,112.89,TRUE,FALSE,FALSE,0.7%,,,,,,
122,72.12158646,72.61,69.03,TRUE,FALSE,FALSE,5.2%,,,,,,
222,52.13789191,49.74,48.28,TRUE,FALSE,FALSE,3.0%,,,,,,
807,256.8387011,260.24,256.55,TRUE,FALSE,FALSE,1.4%,,,,,,
1217,40.48286966,36.27,35.15,TRUE,FALSE,FALSE,3.2%,,,,,,
1629,91.70644791,88.12,90.33,TRUE,FALSE,FALSE,-2.4%,,,,,,
918,54.34542749,53.03,52.2,TRUE,FALSE,FALSE,1.6%,,,,,,
1505,302.4903132,297.21,303.58,FALSE,TRUE,FALSE,-2.1%,,,,,,
400,48.25273301,45.75,45.15,TRUE,FALSE,FALSE,1.3%,,,,,,
1850,20.89754113,18.68,18.07,TRUE,FALSE,FALSE,3.4%,,,,,,
901,32.98338767,32.67,29.09,TRUE,FALSE,FALSE,12.3%,,,,,,
1395,51.52789489,47.86,49.18,TRUE,FALSE,FALSE,-2.7%,,,,,,
558,79.04831319,77.39,76.86,TRUE,FALSE,FALSE,0.7%,,,,,,
208,233.2505983,236.31,240.96,FALSE,TRUE,FALSE,-1.9%,,,,,,
1265,26.81863128,27.32,25.19,TRUE,FALSE,FALSE,8.5%,,,,,,
801,56.60432881,54.17,53.97,TRUE,FALSE,FALSE,0.4%,,,,,,
1288,185.7685413,191.7,184.56,TRUE,FALSE,FALSE,3.9%,,,,,,
1772,156.2608273,156.97,158.81,FALSE,TRUE,FALSE,-1.2%,,,,,,
1656,66.97386219,68.2,67.22,FALSE,TRUE,FALSE,1.5%,,,,,,
737,96.73483168,105.47,106.89,FALSE,TRUE,FALSE,-1.3%,,,,,,
522,110.2455445,112.97,109.24,TRUE,FALSE,FALSE,3.4%,,,,,,
1454,29.51244088,27,27.25,TRUE,FALSE,FALSE,-0.9%,,,,,,
947,38.14058551,31.93,36.4,TRUE,FALSE,FALSE,-12.3%,,,,,,
1465,167.8056412,176.16,164.81,TRUE,FALSE,FALSE,6.9%,,,,,,
1720,35.65436791,30.12,30.8,TRUE,FALSE,FALSE,-2.2%,,,,,,
119,48.2967722,47.12,45.63,TRUE,FALSE,FALSE,3.3%,,,,,,
1802,57.56027493,58.72,55.1,TRUE,FALSE,FALSE,6.6%,,,,,,
1031,306.6876591,268.27,301.77,TRUE,FALSE,FALSE,-11.1%,,,,,,
1457,64.30923805,55.99,63.21,TRUE,FALSE,FALSE,-11.4%,,,,,,
308,87.77262901,73.1,84.79,TRUE,FALSE,FALSE,-13.8%,,,,,,
633,57.34035495,59.25,53.48,TRUE,FALSE,FALSE,10.8%,,,,,,
1333,63.63714912,65.77,64,FALSE,TRUE,FALSE,2.8%,,,,,,
426,37.75835952,34.8,35.68,TRUE,FALSE,FALSE,-2.5%,,,,,,
525,80.30579035,78.14,77.86,TRUE,FALSE,FALSE,0.4%,,,,,,
221,63.37571419,68.55,62.51,TRUE,FALSE,FALSE,9.7%,,,,,,
432,41.39389638,43.06,40.61,TRUE,FALSE,FALSE,6.0%,,,,,,
1478,128.5851836,123.35,124.16,TRUE,FALSE,FALSE,-0.7%,,,,,,
1306,183.5773037,173.2,176.6,TRUE,FALSE,FALSE,-1.9%,,,,,,
1177,38.03796147,33.2,34.84,TRUE,FALSE,FALSE,-4.7%,,,,,,
1379,138.3184668,130.26,133.33,TRUE,FALSE,FALSE,-2.3%,,,,,,
868,31.46437746,33.34,29.34,TRUE,FALSE,FALSE,13.6%,,,,,,
348,137.5458036,149.47,137.6,FALSE,TRUE,FALSE,8.6%,,,,,,
1414,31.7773808,30.92,28.94,TRUE,FALSE,FALSE,6.8%,,,,,,
1419,52.3938648,52.35,50.54,TRUE,FALSE,FALSE,3.6%,,,,,,
263,102.5951193,102.47,101.79,TRUE,FALSE,FALSE,0.7%,,,,,,
977,68.17834893,66.94,68.62,FALSE,TRUE,FALSE,-2.4%,,,,,,
1652,41.01003473,55.47,38.78,TRUE,FALSE,FALSE,43.0%,,,,,,
1719,62.338024,71.3,65.13,FALSE,TRUE,FALSE,9.5%,,,,,,
1211,308.4750641,293.86,321.35,FALSE,TRUE,FALSE,-8.6%,,,,,,
949,39.05304445,40.08,37.87,TRUE,FALSE,FALSE,5.8%,,,,,,
126,173.0049964,197.06,173.2,FALSE,TRUE,FALSE,13.8%,,,,,,
1416,69.44964375,66.3,70.27,FALSE,TRUE,FALSE,-5.6%,,,,,,
140,58.64018939,49.69,53.96,TRUE,FALSE,FALSE,-7.9%,,,,,,
1856,308.2852254,350.22,312.51,FALSE,TRUE,FALSE,12.1%,,,,,,
49,119.9246039,128.08,122.82,FALSE,TRUE,FALSE,4.3%,,,,,,
1564,337.3563706,381.69,357.61,FALSE,TRUE,FALSE,6.7%,,,,,,
108,81.45140955,78.99,78.56,TRUE,FALSE,FALSE,0.5%,,,,,,
1390,74.54235026,81.81,74.24,TRUE,FALSE,FALSE,10.2%,,,,,,
731,146.2359174,158.39,149,FALSE,TRUE,FALSE,6.3%,,,,,,
1353,121.6511286,139.49,118.62,TRUE,FALSE,FALSE,17.6%,,,,,,
272,163.5045522,161.82,167.44,FALSE,TRUE,FALSE,-3.4%,,,,,,
319,1214.488794,1221.75,1211,TRUE,FALSE,FALSE,0.9%,,,,,,
1653,70.31473514,73.79,67.97,TRUE,FALSE,FALSE,8.6%,,,,,,
625,64.63133682,66.9,61.84,TRUE,FALSE,FALSE,8.2%,,,,,,
577,118.0540522,109.66,116.45,TRUE,FALSE,FALSE,-5.8%,,,,,,
845,46.20471047,45.67,43.65,TRUE,FALSE,FALSE,4.6%,,,,,,
1740,289.5833878,290.73,290.22,FALSE,TRUE,FALSE,0.2%,,,,,,
536,197.1161761,208.71,198.24,FALSE,TRUE,FALSE,5.3%,,,,,,
152,170.3839958,184.26,172.17,FALSE,TRUE,FALSE,7.0%,,,,,,
460,230.4067561,230.96,227.24,TRUE,FALSE,FALSE,1.6%,,,,,,
1221,81.40634539,85.9,81.72,FALSE,TRUE,FALSE,5.1%,,,,,,
1141,25.22166495,22.34,22.7,TRUE,FALSE,FALSE,-1.6%,,,,,,
1547,115.9875617,118.14,115.35,TRUE,FALSE,FALSE,2.4%,,,,,,
1201,59.60130455,55.02,58.95,TRUE,FALSE,FALSE,-6.7%,,,,,,
564,73.49665606,72.05,71.8,TRUE,FALSE,FALSE,0.3%,,,,,,
1855,47.70651843,45.33,44.23,TRUE,FALSE,FALSE,2.5%,,,,,,
1097,106.8023092,116.73,106.3,TRUE,FALSE,FALSE,9.8%,,,,,,
141,90.83982686,99.08,90.03,TRUE,FALSE,FALSE,10.1%,,,,,,
22,208.3415141,210.57,211.66,FALSE,TRUE,FALSE,-0.5%,,,,,,
479,45.64642122,42.19,48.03,FALSE,TRUE,FALSE,-12.2%,,,,,,
548,59.08086629,56.38,56.79,TRUE,FALSE,FALSE,-0.7%,,,,,,
794,50.63631259,42.11,47.88,TRUE,FALSE,FALSE,-12.1%,,,,,,
1539,97.58956285,96.43,95.03,TRUE,FALSE,FALSE,1.5%,,,,,,
923,76.35257998,71.19,71.08,TRUE,FALSE,FALSE,0.2%,,,,,,
654,88.67851301,85.01,82.59,TRUE,FALSE,FALSE,2.9%,,,,,,
997,24.7991749,20.38,22.86,TRUE,FALSE,FALSE,-10.8%,,,,,,
759,68.32422149,64.38,64.61,TRUE,FALSE,FALSE,-0.4%,,,,,,
1678,210.7547896,235.01,220.56,FALSE,TRUE,FALSE,6.6%,,,,,,
1700,81.44583332,83.35,76,TRUE,FALSE,FALSE,9.7%,,,,,,
1445,134.7455067,108.83,127.79,TRUE,FALSE,FALSE,-14.8%,,,,,,
1205,46.69766248,45.42,44.27,TRUE,FALSE,FALSE,2.6%,,,,,,
178,107.3269363,103.35,106.46,TRUE,FALSE,FALSE,-2.9%,,,,,,
1331,99.7948418,103.56,97.71,TRUE,FALSE,FALSE,6.0%,,,,,,
1200,92.37524501,102.22,90.65,TRUE,FALSE,FALSE,12.8%,,,,,,
372,76.67547644,81.65,76.45,TRUE,FALSE,FALSE,6.8%,,,,,,
1742,36.33010456,26.6,32.77,TRUE,FALSE,FALSE,-18.8%,,,,,,
1250,39.74905635,30.61,33.22,TRUE,FALSE,FALSE,-7.9%,,,,,,
735,71.43086485,63.79,70.53,TRUE,FALSE,FALSE,-9.6%,,,,,,
822,91.06865961,92.9,93.12,FALSE,TRUE,FALSE,-0.2%,,,,,,
1799,98.50741831,91.63,92.94,TRUE,FALSE,FALSE,-1.4%,,,,,,
554,36.6639433,36.26,36.37,TRUE,FALSE,FALSE,-0.3%,,,,,,
60,70.8906744,71.55,69.38,TRUE,FALSE,FALSE,3.1%,,,,,,
831,11.14670004,9.13,8.18,TRUE,FALSE,FALSE,11.6%,,,,,,
1522,145.873969,141.39,144.23,TRUE,FALSE,FALSE,-2.0%,,,,,,
667,67.97260159,62.16,65.52,TRUE,FALSE,FALSE,-5.1%,,,,,,
1222,208.4779425,203.37,206.85,TRUE,FALSE,FALSE,-1.7%,,,,,,
634,36.50904428,34.81,33.72,TRUE,FALSE,FALSE,3.2%,,,,,,
1780,219.9803141,221.67,214.87,TRUE,FALSE,FALSE,3.2%,,,,,,
1382,57.7986035,55.29,55.48,TRUE,FALSE,FALSE,-0.3%,,,,,,
34,90.33939358,97.4,90.56,FALSE,TRUE,FALSE,7.6%,,,,,,
1046,28.36250654,24.29,25.72,TRUE,FALSE,FALSE,-5.6%,,,,,,
1438,95.88831948,94.16,90.5,TRUE,FALSE,FALSE,4.0%,,,,,,
547,136.9068437,133.33,134.56,TRUE,FALSE,FALSE,-0.9%,,,,,,
1106,77.72631769,81.72,77.04,TRUE,FALSE,FALSE,6.1%,,,,,,
442,89.98931048,102.45,97.17,FALSE,TRUE,FALSE,5.4%,,,,,,
360,50.56253154,53.2,47.5,TRUE,FALSE,FALSE,12.0%,,,,,,
909,40.50080809,38.39,38.25,TRUE,FALSE,FALSE,0.4%,,,,,,
640,69.44971314,56.04,64.22,TRUE,FALSE,FALSE,-12.7%,,,,,,
673,120.5593698,115.21,119.84,TRUE,FALSE,FALSE,-3.9%,,,,,,
70,248.156168,237.77,248.08,TRUE,FALSE,FALSE,-4.2%,,,,,,
1640,55.00487839,51.52,52.73,TRUE,FALSE,FALSE,-2.3%,,,,,,
1092,20.09191966,18.46,18.1,TRUE,FALSE,FALSE,2.0%,,,,,,
866,77.67708401,81.06,74.42,TRUE,FALSE,FALSE,8.9%,,,,,,
1348,63.69314251,60.49,59.19,TRUE,FALSE,FALSE,2.2%,,,,,,
1009,72.3456614,62.92,70.05,TRUE,FALSE,FALSE,-10.2%,,,,,,
1538,269.2421906,285.2,285.38,FALSE,TRUE,FALSE,-0.1%,,,,,,
454,30.23625008,24.69,27.7,TRUE,FALSE,FALSE,-10.9%,,,,,,
43,47.00229996,46.39,44.41,TRUE,FALSE,FALSE,4.5%,,,,,,
340,108.1996733,112.53,106.38,TRUE,FALSE,FALSE,5.8%,,,,,,
1380,107.3312359,107.9,106.39,TRUE,FALSE,FALSE,1.4%,,,,,,
767,93.70242741,99.36,92.52,TRUE,FALSE,FALSE,7.4%,,,,,,
812,44.60994202,43.94,42.29,TRUE,FALSE,FALSE,3.9%,,,,,,
802,36.28003496,33.92,33.78,TRUE,FALSE,FALSE,0.4%,,,,,,
848,93.76035777,94.39,90.97,TRUE,FALSE,FALSE,3.8%,,,,,,
691,82.04977395,81.32,80.45,TRUE,FALSE,FALSE,1.1%,,,,,,
769,92.69827426,96.12,91.24,TRUE,FALSE,FALSE,5.3%,,,,,,
1632,122.534158,121.51,113.07,TRUE,FALSE,FALSE,7.5%,,,,,,
1196,89.11535334,86.3,86.99,TRUE,FALSE,FALSE,-0.8%,,,,,,
335,45.27884626,47.45,44.31,TRUE,FALSE,FALSE,7.1%,,,,,,
458,41.93541564,39.51,38.77,TRUE,FALSE,FALSE,1.9%,,,,,,
1073,74.16676508,75.75,72.89,TRUE,FALSE,FALSE,3.9%,,,,,,
261,48.33464734,44.25,45.16,TRUE,FALSE,FALSE,-2.0%,,,,,,
1710,245.6885462,264.06,245.06,TRUE,FALSE,FALSE,7.8%,,,,,,
528,91.20176051,98.69,91.86,FALSE,TRUE,FALSE,7.4%,,,,,,
1078,502.1384487,513.64,522.29,FALSE,TRUE,FALSE,-1.7%,,,,,,
1670,249.4499468,248.81,249.02,TRUE,FALSE,FALSE,-0.1%,,,,,,
354,196.1291304,207.39,196.95,FALSE,TRUE,FALSE,5.3%,,,,,,
306,66.38876022,69.04,63.49,TRUE,FALSE,FALSE,8.7%,,,,,,
1083,107.9280726,105.22,111.53,FALSE,TRUE,FALSE,-5.7%,,,,,,
1569,178.279061,178.56,173.63,TRUE,FALSE,FALSE,2.8%,,,,,,
588,112.0322158,105.19,108.66,TRUE,FALSE,FALSE,-3.2%,,,,,,
32,60.57851611,58.39,58.42,TRUE,FALSE,FALSE,-0.1%,,,,,,
1071,70.0812453,73.65,66.54,TRUE,FALSE,FALSE,10.7%,,,,,,
1350,60.87584201,54.58,58.74,TRUE,FALSE,FALSE,-7.1%,,,,,,
1223,29.4457147,31.28,29.5,FALSE,TRUE,FALSE,6.0%,,,,,,
1262,93.54394878,89.9,92.16,TRUE,FALSE,FALSE,-2.5%,,,,,,
1692,241.4507571,245.65,228.36,TRUE,FALSE,FALSE,7.6%,,,,,,
1804,112.0996399,118.89,110.62,TRUE,FALSE,FALSE,7.5%,,,,,,
1834,132.6097677,133.02,126.72,TRUE,FALSE,FALSE,5.0%,,,,,,
722,116.4001168,104.99,113.99,TRUE,FALSE,FALSE,-7.9%,,,,,,
532,81.75495944,76.73,79,TRUE,FALSE,FALSE,-2.9%,,,,,,
223,235.9038207,241.23,240.69,FALSE,TRUE,FALSE,0.2%,,,,,,
1024,81.59737886,85.76,79.37,TRUE,FALSE,FALSE,8.1%,,,,,,
1833,91.92874421,81.56,87.82,TRUE,FALSE,FALSE,-7.1%,,,,,,
1581,417.6086404,433.2,421.52,FALSE,TRUE,FALSE,2.8%,,,,,,
814,77.36198899,75.48,72.93,TRUE,FALSE,FALSE,3.5%,,,,,,
820,104.8576568,107.7,103.13,TRUE,FALSE,FALSE,4.4%,,,,,,
921,26.96476839,23.97,23.53,TRUE,FALSE,FALSE,1.9%,,,,,,
1619,52.13418375,51.88,49.74,TRUE,FALSE,FALSE,4.3%,,,,,,
906,204.1750457,192.59,203.45,TRUE,FALSE,FALSE,-5.3%,,,,,,
1394,72.05553936,66.45,70.44,TRUE,FALSE,FALSE,-5.7%,,,,,,
608,38.14820262,36.96,34.22,TRUE,FALSE,FALSE,8.0%,,,,,,
1215,154.1930865,169.04,161.9,FALSE,TRUE,FALSE,4.4%,,,,,,
792,211.3537199,199.35,210.44,TRUE,FALSE,FALSE,-5.3%,,,,,,
1181,108.9477544,113.76,106.67,TRUE,FALSE,FALSE,6.6%,,,,,,
696,86.09803958,82.83,83.17,TRUE,FALSE,FALSE,-0.4%,,,,,,
1519,172.0051464,173.97,173.29,FALSE,TRUE,FALSE,0.4%,,,,,,
1213,106.2553928,116.84,105.52,TRUE,FALSE,FALSE,10.7%,,,,,,
474,71.81985385,68,72.72,FALSE,TRUE,FALSE,-6.5%,,,,,,
1686,70.10762119,87.26,69.04,TRUE,FALSE,FALSE,26.4%,,,,,,
1524,89.1299741,84.96,85.87,TRUE,FALSE,FALSE,-1.1%,,,,,,
1671,97.98329611,96.84,100.25,FALSE,TRUE,FALSE,-3.4%,,,,,,
1672,58.12828994,57.06,57.49,TRUE,FALSE,FALSE,-0.7%,,,,,,
1408,120.1905025,119.25,118.79,TRUE,FALSE,FALSE,0.4%,,,,,,
639,151.77243,154.57,149.35,TRUE,FALSE,FALSE,3.5%,,,,,,
1750,63.20449215,51.71,60.39,TRUE,FALSE,FALSE,-14.4%,,,,,,
1502,71.93394894,77.24,68.97,TRUE,FALSE,FALSE,12.0%,,,,,,
69,61.85075807,48.15,62.79,FALSE,TRUE,FALSE,-23.3%,,,,,,
1727,107.8888466,110.31,102.98,TRUE,FALSE,FALSE,7.1%,,,,,,
1560,171.8549879,186.5,164.76,TRUE,FALSE,FALSE,13.2%,,,,,,
1697,129.0797202,102.67,125.81,TRUE,FALSE,FALSE,-18.4%,,,,,,
285,1518.057468,1603.07,1517.96,TRUE,FALSE,FALSE,5.6%,,,,,,
467,53.39129004,40.48,49.05,TRUE,FALSE,FALSE,-17.5%,,,,,,
591,67.01494544,70.3,66.52,TRUE,FALSE,FALSE,5.7%,,,,,,
1210,27.67509679,27.79,26.6,TRUE,FALSE,FALSE,4.5%,,,,,,
83,234.4929727,258.97,222.03,TRUE,FALSE,FALSE,16.6%,,,,,,
63,88.39897069,87.53,86.56,TRUE,FALSE,FALSE,1.1%,,,,,,
1573,103.4495885,111.46,107.94,FALSE,TRUE,FALSE,3.3%,,,,,,
1237,76.1111354,72.4,75.58,TRUE,FALSE,FALSE,-4.2%,,,,,,
50,139.3687185,116.8,136.51,TRUE,FALSE,FALSE,-14.4%,,,,,,
321,187.7226036,200.51,192.55,FALSE,TRUE,FALSE,4.1%,,,,,,
1226,61.18740108,61.67,58.96,TRUE,FALSE,FALSE,4.6%,,,,,,
859,55.75872414,50.14,51.68,TRUE,FALSE,FALSE,-3.0%,,,,,,
128,142.7128849,138.99,142.46,TRUE,FALSE,FALSE,-2.4%,,,,,,
213,124.9406989,124.93,123.05,TRUE,FALSE,FALSE,1.5%,,,,,,
1783,86.93008678,87.46,87.91,FALSE,TRUE,FALSE,-0.5%,,,,,,
1722,52.2763347,51.31,49.11,TRUE,FALSE,FALSE,4.5%,,,,,,
1845,78.20242544,77.62,75.04,TRUE,FALSE,FALSE,3.4%,,,,,,
1386,54.57839914,52.69,52.15,TRUE,FALSE,FALSE,1.0%,,,,,,
852,160.564205,173.27,185.01,FALSE,TRUE,FALSE,-6.3%,,,,,,
732,71.18378578,54.72,69.53,TRUE,FALSE,FALSE,-21.3%,,,,,,
375,41.99703479,43.35,40.77,TRUE,FALSE,FALSE,6.3%,,,,,,
1693,21.11553004,22.58,18.73,TRUE,FALSE,FALSE,20.6%,,,,,,
1518,102.1550153,105.86,100.62,TRUE,FALSE,FALSE,5.2%,,,,,,
1545,55.444287,55.98,54,TRUE,FALSE,FALSE,3.7%,,,,,,
211,32.43991638,30.82,29.37,TRUE,FALSE,FALSE,4.9%,,,,,,
1337,47.0787345,40.72,42.53,TRUE,FALSE,FALSE,-4.3%,,,,,,
35,399.439081,376.93,384.21,TRUE,FALSE,FALSE,-1.9%,,,,,,
1174,82.3525238,82.71,80.09,TRUE,FALSE,FALSE,3.3%,,,,,,
1774,69.24234135,69.44,68.03,TRUE,FALSE,FALSE,2.1%,,,,,,
488,130.5410529,132.69,126.39,TRUE,FALSE,FALSE,5.0%,,,,,,
1072,97.57713076,99.59,96.12,TRUE,FALSE,FALSE,3.6%,,,,,,
1006,50.86080674,51.75,48.29,TRUE,FALSE,FALSE,7.2%,,,,,,
1659,241.7207047,235.38,263.92,FALSE,TRUE,FALSE,-10.8%,,,,,,
1214,113.2109926,112.78,112.15,TRUE,FALSE,FALSE,0.6%,,,,,,
148,89.64773587,87.98,86.97,TRUE,FALSE,FALSE,1.2%,,,,,,
1120,103.3053276,93.91,101.28,TRUE,FALSE,FALSE,-7.3%,,,,,,
1409,81.31993072,78.55,80.32,TRUE,FALSE,FALSE,-2.2%,,,,,,
903,28.15846358,26.11,25.4,TRUE,FALSE,FALSE,2.8%,,,,,,
1752,74.28206782,75.55,71.26,TRUE,FALSE,FALSE,6.0%,,,,,,
330,56.22171878,57.24,58.27,FALSE,TRUE,FALSE,-1.8%,,,,,,
635,217.5482471,244.4,216.79,TRUE,FALSE,FALSE,12.7%,,,,,,
762,78.66135223,79.77,76.25,TRUE,FALSE,FALSE,4.6%,,,,,,
262,48.66835656,45.63,46.09,TRUE,FALSE,FALSE,-1.0%,,,,,,
123,36.97174094,34.98,33.66,TRUE,FALSE,FALSE,3.9%,,,,,,
937,54.72952328,54.15,52.5,TRUE,FALSE,FALSE,3.1%,,,,,,
764,169.7633259,175.82,167.31,TRUE,FALSE,FALSE,5.1%,,,,,,
1444,123.5292765,124.15,121.21,TRUE,FALSE,FALSE,2.4%,,,,,,
276,38.64152021,35.93,35.4,TRUE,FALSE,FALSE,1.5%,,,,,,
926,85.11054759,82.03,81.93,TRUE,FALSE,FALSE,0.1%,,,,,,
302,54.78491917,46.98,52.16,TRUE,FALSE,FALSE,-9.9%,,,,,,
835,35.35306882,32.68,32.45,TRUE,FALSE,FALSE,0.7%,,,,,,
1628,33.22602494,31.36,29.92,TRUE,FALSE,FALSE,4.8%,,,,,,
1647,89.2645076,96.29,87.45,TRUE,FALSE,FALSE,10.1%,,,,,,
1759,55.91818719,54.07,53.8,TRUE,FALSE,FALSE,0.5%,,,,,,
1887,29.61591434,27.56,27.03,TRUE,FALSE,FALSE,2.0%,,,,,,
613,135.3349555,132.68,134.51,TRUE,FALSE,FALSE,-1.4%,,,,,,
13,159.448126,164.42,161.55,FALSE,TRUE,FALSE,1.8%,,,,,,
1037,299.5410868,350.63,289.24,TRUE,FALSE,FALSE,21.2%,,,,,,
184,175.7055498,188.81,178.14,FALSE,TRUE,FALSE,6.0%,,,,,,
1089,30.57939601,27.27,27.58,TRUE,FALSE,FALSE,-1.1%,,,,,,
175,26.72078798,22.07,21.69,TRUE,FALSE,FALSE,1.8%,,,,,,
904,86.16304088,83.58,83.06,TRUE,FALSE,FALSE,0.6%,,,,,,
939,169.3167766,178.26,173.24,FALSE,TRUE,FALSE,2.9%,,,,,,
985,129.2699664,144.5,135.21,FALSE,TRUE,FALSE,6.9%,,,,,,
708,144.6122778,142.99,141.88,TRUE,FALSE,FALSE,0.8%,,,,,,
1328,61.4491368,65,55.96,TRUE,FALSE,FALSE,16.2%,,,,,,
772,395.0978717,441.61,391.91,TRUE,FALSE,FALSE,12.7%,,,,,,
1588,127.7627039,137.54,115.69,TRUE,FALSE,FALSE,18.9%,,,,,,
236,44.7067316,38.93,40.71,TRUE,FALSE,FALSE,-4.4%,,,,,,
661,98.81763786,81.08,99.7,FALSE,TRUE,FALSE,-18.7%,,,,,,
1501,98.02600264,103.13,97.2,TRUE,FALSE,FALSE,6.1%,,,,,,
1883,21.64804455,17.71,18.32,TRUE,FALSE,FALSE,-3.3%,,,,,,
569,227.5479696,229.6,231.68,FALSE,TRUE,FALSE,-0.9%,,,,,,
480,50.81821968,46.36,46.7,TRUE,FALSE,FALSE,-0.7%,,,,,,
118,172.5617017,165.64,162.19,TRUE,FALSE,FALSE,2.1%,,,,,,
1323,121.7254723,127.54,121.52,TRUE,FALSE,FALSE,5.0%,,,,,,
482,71.20227896,71.06,68.82,TRUE,FALSE,FALSE,3.3%,,,,,,
1391,49.95249985,59.96,49.75,TRUE,FALSE,FALSE,20.5%,,,,,,
1488,109.236881,131.02,110.89,FALSE,TRUE,FALSE,18.2%,,,,,,
124,80.38652887,81.15,77.75,TRUE,FALSE,FALSE,4.4%,,,,,,
1705,53.80766942,52.99,50.43,TRUE,FALSE,FALSE,5.1%,,,,,,
1166,29.02430302,23.68,25.61,TRUE,FALSE,FALSE,-7.5%,,,,,,
956,85.64977442,80.65,82.17,TRUE,FALSE,FALSE,-1.8%,,,,,,
1121,37.30179078,33.39,34.48,TRUE,FALSE,FALSE,-3.2%,,,,,,
418,266.7676732,270.2,263.325,TRUE,FALSE,FALSE,2.6%,,,,,,
1370,21.18332128,18.6,18.33,TRUE,FALSE,FALSE,1.5%,,,,,,
202,35.72313096,35.13,37.83,FALSE,TRUE,FALSE,-7.1%,,,,,,
1077,211.0628017,221.45,212.45,FALSE,TRUE,FALSE,4.2%,,,,,,
1771,107.1023465,106.24,106.69,TRUE,FALSE,FALSE,-0.4%,,,,,,
1680,108.2712753,109.55,106.46,TRUE,FALSE,FALSE,2.9%,,,,,,
1260,129.3092887,133.76,124.35,TRUE,FALSE,FALSE,7.6%,,,,,,
1699,71.16844441,61.7,69.03,TRUE,FALSE,FALSE,-10.6%,,,,,,
636,12.80527604,11,9.33,TRUE,FALSE,FALSE,17.9%,,,,,,
1639,68.62945284,66.65,66.44,TRUE,FALSE,FALSE,0.3%,,,,,,
1373,73.34287472,73.21,74.5,FALSE,TRUE,FALSE,-1.7%,,,,,,
643,116.1619441,116.87,116.11,TRUE,FALSE,FALSE,0.7%,,,,,,
445,30.90153813,27.79,27.97,TRUE,FALSE,FALSE,-0.6%,,,,,,
1648,85.49561105,88.42,83.87,TRUE,FALSE,FALSE,5.4%,,,,,,
1553,50.38140705,44.33,46.88,TRUE,FALSE,FALSE,-5.4%,,,,,,
959,82.70519061,77.11,80.37,TRUE,FALSE,FALSE,-4.1%,,,,,,
491,258.7056012,309.41,268.2,FALSE,TRUE,FALSE,15.4%,,,,,,
1026,48.94610405,47.92,45.01,TRUE,FALSE,FALSE,6.5%,,,,,,
1606,126.3280875,119.03,120.98,TRUE,FALSE,FALSE,-1.6%,,,,,,
245,167.2583829,153.03,163.01,TRUE,FALSE,FALSE,-6.1%,,,,,,
329,116.8095167,114.33,116,TRUE,FALSE,FALSE,-1.4%,,,,,,
136,246.3198554,265.38,247.93,FALSE,TRUE,FALSE,7.0%,,,,,,
198,92.59910553,82.74,89.02,TRUE,FALSE,FALSE,-7.1%,,,,,,
162,81.39931902,76.45,77.8,TRUE,FALSE,FALSE,-1.7%,,,,,,
154,39.34562593,35.87,33.99,TRUE,FALSE,FALSE,5.5%,,,,,,
1485,61.47380895,59.41,58.56,TRUE,FALSE,FALSE,1.5%,,,,,,
1605,95.48864447,97.48,94.17,TRUE,FALSE,FALSE,3.5%,,,,,,
1375,117.764686,115.6,111.34,TRUE,FALSE,FALSE,3.8%,,,,,,
1055,38.38240046,33.56,35.94,TRUE,FALSE,FALSE,-6.6%,,,,,,
908,49.23849447,44.98,45.73,TRUE,FALSE,FALSE,-1.6%,,,,,,
41,16.98949431,13.28,13.63,TRUE,FALSE,FALSE,-2.6%,,,,,,
427,61.05090996,60.09,57.92,TRUE,FALSE,FALSE,3.7%,,,,,,
980,36.20157902,31.38,31.26,TRUE,FALSE,FALSE,0.4%,,,,,,
1798,41.9964327,36.33,39.33,TRUE,FALSE,FALSE,-7.6%,,,,,,
446,21.38656231,21.94,18.54,TRUE,FALSE,FALSE,18.3%,,,,,,
1542,159.8657878,159.03,154.8,TRUE,FALSE,FALSE,2.7%,,,,,,
1585,156.91043,160.51,151.72,TRUE,FALSE,FALSE,5.8%,,,,,,
52,83.39938719,86.44,81.48,TRUE,FALSE,FALSE,6.1%,,,,,,
1673,48.17620595,49.22,47.79,TRUE,FALSE,FALSE,3.0%,,,,,,
1765,50.60177215,38.81,47.9,TRUE,FALSE,FALSE,-19.0%,,,,,,
1431,97.91935652,95.59,93.92,TRUE,FALSE,FALSE,1.8%,,,,,,
631,81.89438641,84.39,80,TRUE,FALSE,FALSE,5.5%,,,,,,
710,39.09327697,36.47,36.8,TRUE,FALSE,FALSE,-0.9%,,,,,,
11,48.28963637,45.34,45.41,TRUE,FALSE,FALSE,-0.2%,,,,,,
338,176.2132993,183.71,177.15,FALSE,TRUE,FALSE,3.7%,,,,,,
915,20.9449338,18.23,17.73,TRUE,FALSE,FALSE,2.8%,,,,,,
1218,23.29883373,21.51,20.31,TRUE,FALSE,FALSE,5.9%,,,,,,
250,56.23471379,54.78,52.28,TRUE,FALSE,FALSE,4.8%,,,,,,
1635,95.44872185,91.54,93.99,TRUE,FALSE,FALSE,-2.6%,,,,,,
512,324.0100133,344.91,331.05,FALSE,TRUE,FALSE,4.2%,,,,,,
622,173.2085952,168.43,177.4,FALSE,TRUE,FALSE,-5.1%,,,,,,
1600,120.5285096,100.1,117.3,TRUE,FALSE,FALSE,-14.7%,,,,,,
443,91.70366745,89.84,88.31,TRUE,FALSE,FALSE,1.7%,,,,,,
1546,46.28098652,40.28,42.93,TRUE,FALSE,FALSE,-6.2%,,,,,,
199,160.3510167,152.37,159.8,TRUE,FALSE,FALSE,-4.6%,,,,,,
269,55.18479694,54.75,53.05,TRUE,FALSE,FALSE,3.2%,,,,,,
771,110.3232007,112.88,108.13,TRUE,FALSE,FALSE,4.4%,,,,,,
384,1678.205304,1639.83,1718.73,FALSE,TRUE,FALSE,-4.6%,,,,,,
606,122.1599339,148.2,134.4,FALSE,TRUE,FALSE,10.3%,,,,,,
1175,70.73947201,67.38,67.72,TRUE,FALSE,FALSE,-0.5%,,,,,,
1366,163.2295,177.48,162.55,TRUE,FALSE,FALSE,9.2%,,,,,,
727,54.56751774,48.23,49.48,TRUE,FALSE,FALSE,-2.5%,,,,,,
891,208.2588764,227.82,205.18,TRUE,FALSE,FALSE,11.0%,,,,,,
571,104.1399048,112.12,106.79,FALSE,TRUE,FALSE,5.0%,,,,,,
1872,32.94308355,29.13,30.33,TRUE,FALSE,FALSE,-4.0%,,,,,,
1010,124.4139591,134.12,122.75,TRUE,FALSE,FALSE,9.3%,,,,,,
1784,23.13813441,19.89,19.91,TRUE,FALSE,FALSE,-0.1%,,,,,,
713,112.8480909,112.65,110.83,TRUE,FALSE,FALSE,1.6%,,,,,,
353,151.9527311,162.28,150.42,TRUE,FALSE,FALSE,7.9%,,,,,,
142,48.24562468,43.72,45.03,TRUE,FALSE,FALSE,-2.9%,,,,,,
811,62.93791956,62.64,60.72,TRUE,FALSE,FALSE,3.2%,,,,,,
401,37.58024114,37.1,34.37,TRUE,FALSE,FALSE,7.9%,,,,,,
260,129.7541789,122.19,126.62,TRUE,FALSE,FALSE,-3.5%,,,,,,
1033,217.6483358,207.3,214.48,TRUE,FALSE,FALSE,-3.3%,,,,,,
666,147.1837763,142.61,147.13,TRUE,FALSE,FALSE,-3.1%,,,,,,
129,94.64029691,83.34,92.18,TRUE,FALSE,FALSE,-9.6%,,,,,,
930,37.89821142,35.67,35.42,TRUE,FALSE,FALSE,0.7%,,,,,,
757,91.4630425,90.36,87.82,TRUE,FALSE,FALSE,2.9%,,,,,,
750,33.06735257,32.57,28.86,TRUE,FALSE,FALSE,12.9%,,,,,,
1076,136.5153264,129.88,134.23,TRUE,FALSE,FALSE,-3.2%,,,,,,
1172,43.64280311,41.63,42.72,TRUE,FALSE,FALSE,-2.6%,,,,,,
1411,126.3099516,134.23,124.26,TRUE,FALSE,FALSE,8.0%,,,,,,
1597,415.8625375,402.64,406.56,TRUE,FALSE,FALSE,-1.0%,,,,,,
1271,44.61154574,45.05,40.89,TRUE,FALSE,FALSE,10.2%,,,,,,
847,74.29618889,74.3,71.44,TRUE,FALSE,FALSE,4.0%,,,,,,
144,268.3465261,251.56,267.85,TRUE,FALSE,FALSE,-6.1%,,,,,,
1016,50.29977603,48.48,47.16,TRUE,FALSE,FALSE,2.8%,,,,,,
143,21.66385611,18.12,17.81,TRUE,FALSE,FALSE,1.7%,,,,,,
1307,53.10430728,48.37,50.56,TRUE,FALSE,FALSE,-4.3%,,,,,,
48,92.16858519,97.66,92.81,FALSE,TRUE,FALSE,5.2%,,,,,,
1706,31.44766116,30.9,27.07,TRUE,FALSE,FALSE,14.1%,,,,,,
933,288.2492861,289.68,287.67,TRUE,FALSE,FALSE,0.7%,,,,,,
1480,33.55536665,32.59,30.55,TRUE,FALSE,FALSE,6.7%,,,,,,
1458,35.33289446,34.38,33.43,TRUE,FALSE,FALSE,2.8%,,,,,,
1506,84.55623317,86.62,82.96,TRUE,FALSE,FALSE,4.4%,,,,,,
540,152.8877528,142.39,153.28,FALSE,TRUE,FALSE,-7.1%,,,,,,
1552,147.7598289,163.06,151.47,FALSE,TRUE,FALSE,7.7%,,,,,,
1425,37.70596031,34.45,35.11,TRUE,FALSE,FALSE,-1.9%,,,,,,
27,44.04322547,43.56,42.37,TRUE,FALSE,FALSE,2.8%,,,,,,
1335,59.24779947,57.41,55.91,TRUE,FALSE,FALSE,2.7%,,,,,,
726,65.85658835,60.52,72.21,FALSE,TRUE,FALSE,-16.2%,,,,,,
1486,195.5222275,219,202.7,FALSE,TRUE,FALSE,8.0%,,,,,,
1496,169.4638858,146.2,165.73,TRUE,FALSE,FALSE,-11.8%,,,,,,
328,50.02692831,45.7,45.59,TRUE,FALSE,FALSE,0.2%,,,,,,
197,52.94865502,53.7,56.45,FALSE,TRUE,FALSE,-4.9%,,,,,,
194,69.11341502,73.22,71.63,FALSE,TRUE,FALSE,2.2%,,,,,,
1841,91.03210235,106.92,98.93,FALSE,TRUE,FALSE,8.1%,,,,,,
560,37.31552069,35.31,34.75,TRUE,FALSE,FALSE,1.6%,,,,,,
496,38.01489543,38.13,36.21,TRUE,FALSE,FALSE,5.3%,,,,,,
1826,167.1484664,170.17,160.34,TRUE,FALSE,FALSE,6.1%,,,,,,
805,63.74852806,61.39,61.95,TRUE,FALSE,FALSE,-0.9%,,,,,,
1417,63.67694301,66.72,63.86,FALSE,TRUE,FALSE,4.5%,,,,,,
1186,81.76415716,79.55,74.91,TRUE,FALSE,FALSE,6.2%,,,,,,
174,50.64539711,50.38,48.26,TRUE,FALSE,FALSE,4.4%,,,,,,
1225,16.54706972,13.78,13.84,TRUE,FALSE,FALSE,-0.4%,,,,,,
215,868.0005204,845.58,880.07,FALSE,TRUE,FALSE,-3.9%,,,,,,
589,179.21499,191.52,177.47,TRUE,FALSE,FALSE,7.9%,,,,,,
502,52.74370668,50.64,49.24,TRUE,FALSE,FALSE,2.8%,,,,,,
804,36.88070474,33.75,32.95,TRUE,FALSE,FALSE,2.4%,,,,,,
1068,36.53963131,36.69,34.05,TRUE,FALSE,FALSE,7.8%,,,,,,
973,12.86817898,7.94,10.18,TRUE,FALSE,FALSE,-22.0%,,,,,,
176,262.1020541,297.87,271.85,FALSE,TRUE,FALSE,9.6%,,,,,,
789,99.3321476,100.66,97.74,TRUE,FALSE,FALSE,3.0%,,,,,,
1090,101.1558938,100.84,106.12,FALSE,TRUE,FALSE,-5.0%,,,,,,
1541,212.7654992,202.85,212.01,TRUE,FALSE,FALSE,-4.3%,,,,,,
1684,356.2618237,353.75,356.7,FALSE,TRUE,FALSE,-0.8%,,,,,,
733,176.8021577,169.29,170.42,TRUE,FALSE,FALSE,-0.7%,,,,,,
1088,40.56214492,37.65,37.51,TRUE,FALSE,FALSE,0.4%,,,,,,
724,84.62679364,88.57,82.59,TRUE,FALSE,FALSE,7.2%,,,,,,
1529,143.4039241,120.12,143.16,TRUE,FALSE,FALSE,-16.1%,,,,,,
776,231.4571135,227.44,240.44,FALSE,TRUE,FALSE,-5.4%,,,,,,
233,169.5111234,171.65,167.46,TRUE,FALSE,FALSE,2.5%,,,,,,
310,87.26532729,93.82,87.3,FALSE,TRUE,FALSE,7.5%,,,,,,
601,32.20560836,30.85,31.41,TRUE,FALSE,FALSE,-1.8%,,,,,,
1109,150.8822182,141.79,146.03,TRUE,FALSE,FALSE,-2.9%,,,,,,
672,120.6484173,117.81,116.01,TRUE,FALSE,FALSE,1.6%,,,,,,
671,80.89314868,79.73,79.42,TRUE,FALSE,FALSE,0.4%,,,,,,
702,76.92754169,76.21,74.66,TRUE,FALSE,FALSE,2.1%,,,,,,
394,37.21431362,34.72,34.32,TRUE,FALSE,FALSE,1.2%,,,,,,
151,611.5498128,688.5,602,TRUE,FALSE,FALSE,14.4%,,,,,,
1021,54.20613287,59.8,60.17,FALSE,TRUE,FALSE,-0.6%,,,,,,
656,80.20184758,82.94,78.12,TRUE,FALSE,FALSE,6.2%,,,,,,
1294,131.0019857,127.16,128.25,TRUE,FALSE,FALSE,-0.8%,,,,,,
1762,123.3744825,122.74,120.2,TRUE,FALSE,FALSE,2.1%,,,,,,
773,76.22646236,73.69,72.37,TRUE,FALSE,FALSE,1.8%,,,,,,
660,30.15336641,28.2,28.05,TRUE,FALSE,FALSE,0.5%,,,,,,
273,61.53684207,59.53,57.98,TRUE,FALSE,FALSE,2.7%,,,,,,
159,228.5279168,221.59,227.13,TRUE,FALSE,FALSE,-2.4%,,,,,,
1768,119.4155292,112.46,119.07,TRUE,FALSE,FALSE,-5.6%,,,,,,
1270,78.26891105,70.05,74.36,TRUE,FALSE,FALSE,-5.8%,,,,,,
497,88.90449339,82.07,83.4,TRUE,FALSE,FALSE,-1.6%,,,,,,
1126,56.77032637,58.57,54.35,TRUE,FALSE,FALSE,7.8%,,,,,,
